F00000,12,2,M,P00014,F,81.68054280222412
F00000,12,2,O,P00340,F,2.634220032046781
F00001,4,4,M,P00099,M,80.34541672641917
F00001,4,4,S,P00193,F,67.65469776223824
F00001,4,4,P,P00418,M,87.97653361087218
F00001,4,4,P,P00927,F,94.35979911672383
F00002,1,5,M,P00011,M,73.99137292923058
F00002,1,5,S,P00613,F,71.97389962209171
F00002,1,5,C,P00808,M,36.040866170345744
F00002,1,5,C,P00982,M,38.25500689371891
F00002,1,5,C,P00254,M,36.37771183252082
F00003,0,2,M,P00005,M,60.020266332183105
F00003,0,2,S,P00439,F,54.833060804900974
F00004,0,2,M,P00022,M,77.38638296949766
F00004,0,2,S,P00892,F,80.82455332610346
F00005,1,4,M,P00000,M,49.49003059376789
F00005,1,4,S,P00191,F,48.08728050014906
F00005,1,4,C,P00890,M,20.281134686131324
F00005,1,4,C,P00155,M,14.527420692413136
F00006,15,1,M,P00008,M,31.8592053739244
F00007,1,3,M,P00024,M,28.688693926772338
F00007,1,3,S,P00818,F,25.673795497451998
F00007,1,3,C,P00095,M,0.24475776045337316
F00008,1,3,M,P00003,M,40.03467673739862
F00008,1,3,S,P00547,F,45.11886455233296
F00008,1,3,C,P00762,M,13.345431142582548
F00009,0,2,M,P00023,M,70.48311488270757
F00009,0,2,S,P00658,F,73.89533509329772
F00010,15,1,M,P00040,M,25.049765044434565
F00011,15,1,M,P00004,F,58.86548250433028
F00012,15,1,M,P00009,M,54.887621485582784
F00013,0,2,M,P00035,M,68.02410015058442
F00013,0,2,S,P00492,F,70.58593845404334
F00014,0,2,M,P00076,M,53.32575649594292
F00014,0,2,S,P00444,F,49.48874981479299
F00015,2,2,M,P00303,M,80.7998345942446
F00015,2,2,C,P00847,M,55.62710745725305
F00016,15,1,M,P00030,M,61.95194035576753
F00017,15,1,M,P00336,M,81.7121750319831
F00018,15,1,M,P00017,F,28.618525731315366
F00019,15,1,M,P00002,F,67.64965005076851
F00020,8,3,M,P00042,M,68.2508776082486
F00020,8,3,S,P00607,F,69.51161297123822
F00020,8,3,O,P00897,F,86.0385543730036
F00021,15,1,M,P00012,M,24.375683991576853
F00022,1,4,M,P00032,M,30.069066358472302
F00022,1,4,S,P00999,F,31.845451166148123
F00022,1,4,C,P00487,F,1.7914195880853034
F00022,1,4,C,P00188,M,3.690427286693074
F00023,12,2,M,P00057,M,72.90155300540061
F00023,12,2,O,P00664,M,1.1256039408568106
F00024,0,2,M,P00066,M,68.91388152708848
F00024,0,2,S,P00452,F,65.93246162121818
F00025,0,2,M,P00092,M,66.68779994794639
F00025,0,2,S,P00473,F,65.98833364793636
F00026,1,3,M,P00015,M,58.92733857285569
F00026,1,3,S,P00767,F,52.741475273008575
F00026,1,3,C,P00800,M,26.818476121407397
F00027,15,1,M,P00094,M,33.01103608928063
F00028,15,1,M,P00037,M,45.354377279847114
F00029,15,1,M,P00043,F,77.26368106479013
F00030,1,3,M,P00061,M,44.111570172930385
F00030,1,3,S,P00913,F,39.61921915766756
F00030,1,3,C,P00663,F,13.468752141013672
F00031,0,2,M,P00010,M,92.60531684528968
F00031,0,2,S,P00085,F,88.01806535693716
F00032,0,2,M,P00038,M,61.2214072108354
F00032,0,2,S,P00792,F,56.7276243375938
F00033,1,3,M,P00055,M,48.598894772549656
F00033,1,3,S,P00315,F,47.324665591160205
F00033,1,3,C,P00200,F,15.895882524041324
F00034,0,2,M,P00050,M,60.70612637608167
F00034,0,2,S,P00237,F,52.968624253435266
F00035,12,2,M,P00104,F,61.54109610585606
F00035,12,2,O,P00989,M,3.564142647971163
F00036,15,1,M,P00031,F,69.19449019512233
F00037,15,1,M,P00197,M,65.08671277110594
F00038,0,2,M,P00069,M,78.09108951691553
F00038,0,2,S,P00304,F,78.08103315275244
F00039,15,1,M,P00101,M,42.116653235290784
F00040,15,1,M,P00025,M,55.79656624359267
F00041,15,1,M,P00139,F,62.49535659858307
F00042,15,1,M,P00020,F,74.11955978447004
F00043,15,1,M,P00016,M,15.274020002853128
F00044,1,3,M,P00198,M,65.27486924495255
F00044,1,3,S,P00853,F,66.25827696058445
F00044,1,3,C,P00483,F,35.20577026795473
F00045,15,1,M,P00064,F,84.82134447618033
F00046,0,2,M,P00102,M,74.62701151499326
F00046,0,2,S,P00410,F,77.28188209973462
F00047,15,1,M,P00074,F,69.35637149341764
F00048,1,5,M,P00117,M,43.46615008386468
F00048,1,5,S,P00898,F,49.36534924195454
F00048,1,5,C,P00019,F,17.753752232080355
F00048,1,5,C,P00734,M,13.773879765018902
F00048,1,5,C,P00603,M,7.806520967849925
F00049,15,1,M,P00044,M,89.15516506757933
F00050,0,2,M,P00108,M,70.07465987758756
F00050,0,2,S,P00559,F,71.8140719407302
F00051,15,1,M,P00215,M,69.81284202796766
F00052,1,4,M,P00070,M,47.20276459935384
F00052,1,4,S,P00405,F,39.355525782077
F00052,1,4,C,P00720,F,2.41317436330163
F00052,1,4,C,P00783,M,14.003145980387812
F00053,2,2,M,P00360,M,80.81422081180209
F00053,2,2,C,P00879,M,56.080054610246094
F00054,0,2,M,P00063,M,61.7693860217691
F00054,0,2,S,P00241,F,60.85706839250499
F00055,0,2,M,P00116,M,71.09637196112888
F00055,0,2,S,P00883,F,71.27154823977968
F00056,15,1,M,P00552,M,83.28940278330322
F00057,0,2,M,P00170,M,52.02022937547172
F00057,0,2,S,P00834,F,50.574962367321845
F00058,0,2,M,P00126,M,74.16688180036968
F00058,0,2,S,P00986,F,77.75562981558514
F00059,15,1,M,P00172,M,50.17447305766537
F00060,9,4,M,P00151,M,73.53917617950749
F00060,9,4,S,P00836,F,73.97095079674389
F00060,9,4,C,P00894,M,33.516243792516015
F00060,9,4,O,P00221,M,17.33997652582734
F00061,0,2,M,P00561,M,84.06909883505176
F00061,0,2,S,P00810,F,82.49764853632735
F00062,15,1,M,P00177,M,52.99702056940814
F00063,1,3,M,P00110,M,79.6101106582365
F00063,1,3,S,P00510,F,82.29685786309784
F00063,1,3,C,P00932,F,49.615633781102844
F00064,15,1,M,P00067,M,63.91024296209811
F00065,0,2,M,P00122,M,43.148466018313876
F00065,0,2,S,P00325,F,33.49465521758786
F00066,6,6,M,P00153,M,43.99604910955732
F00066,6,6,S,P00535,F,50.79889521692872
F00066,6,6,P,P00525,M,78.72348223101754
F00066,6,6,P,P00712,F,82.4517067297236
F00066,6,6,C,P00597,F,14.118443260337212
F00066,6,6,C,P00581,M,15.791102130091978
F00067,1,3,M,P00107,M,58.924018793421965
F00067,1,3,S,P00169,F,51.202430913556036
F00067,1,3,C,P00557,M,22.332316884269503
F00068,15,1,M,P00079,M,60.088154390636895
F00069,15,1,M,P00041,F,41.563291256586595
F00070,0,2,M,P00115,M,59.10238799959264
F00070,0,2,S,P00400,F,55.23094817566874
F00071,15,1,M,P00047,F,31.414556279983227
F00072,0,2,M,P00174,M,30.94650325986103
F00072,0,2,S,P00814,F,22.096302039327757
F00073,0,2,M,P00185,M,41.994686190016715
F00073,0,2,S,P00728,F,35.792983838391464
F00074,15,1,M,P00006,F,36.345967571908524
F00075,5,3,M,P00100,M,62.33776675118069
F00075,5,3,S,P00393,F,62.521672102911715
F00075,5,3,P,P00924,F,87.80125484753214
F00076,15,1,M,P00039,F,54.29549285381711
F00077,1,4,M,P00228,M,65.53272809769656
F00077,1,4,S,P00515,F,62.690476054575356
F00077,1,4,C,P00746,M,28.206452799449735
F00077,1,4,C,P00930,F,35.65024146008737
F00078,15,1,M,P00028,M,23.697860454601877
F00079,1,3,M,P00213,M,53.66909457028752
F00079,1,3,S,P00551,F,51.51947827986046
F00079,1,3,C,P00990,F,27.166405936497934
F00080,15,1,M,P00013,F,35.75566201042705
F00081,15,1,M,P00053,M,28.03410348456523
F00082,0,2,M,P00180,M,76.78169385595146
F00082,0,2,S,P00954,F,73.37419328801886
F00083,15,1,M,P00129,M,25.900574302216572
F00084,1,3,M,P00189,M,79.89510165376633
F00084,1,3,S,P00096,F,84.50664316028924
F00084,1,3,C,P00909,F,56.72231989831969
F00085,15,1,M,P00046,M,24.210551339168262
F00086,0,2,M,P00158,M,73.85214707482797
F00086,0,2,S,P00678,F,76.0779416591192
F00087,0,2,M,P00190,M,76.34403273969806
F00087,0,2,S,P00415,F,75.88634141580977
F00088,10,4,M,P00112,M,61.333358857361155
F00088,10,4,S,P00164,F,58.3018272939937
F00088,10,4,P,P00634,M,65.23617973575132
F00088,10,4,O,P00840,M,14.719825427593655
F00089,0,2,M,P00571,M,82.05852865374473
F00089,0,2,S,P00407,F,82.21251644066716
F00090,0,2,M,P00135,M,59.746413558034504
F00090,0,2,S,P00692,F,51.33799369578426
F00091,3,2,M,P00059,F,93.32743546323744
F00091,3,2,C,P00832,M,55.93542435281945
F00092,15,1,M,P00263,M,50.326508404064505
F00093,15,1,M,P00138,F,27.92863871996142
F00094,15,1,M,P00081,F,83.93192497141722
F00095,0,2,M,P00203,M,79.67595509560057
F00095,0,2,S,P00611,F,87.19025176103602
F00096,15,1,M,P00311,M,50.52908843383477
F00097,15,1,M,P00060,F,42.43240003230311
F00098,15,1,M,P00257,M,32.747322154903976
F00099,15,1,M,P00086,F,65.21396216943337
F00100,1,3,M,P00631,M,84.92173097042222
F00100,1,3,S,P00700,F,89.21123631932917
F00100,1,3,C,P00654,F,65.93191663617651
F00101,3,2,M,P00082,F,71.06113513036586
F00101,3,2,C,P00970,M,28.11603349215621
F00102,1,3,M,P00175,M,60.933371610964976
F00102,1,3,S,P00649,F,64.22837009637657
F00102,1,3,C,P00600,M,26.07466247895364
F00103,1,3,M,P00150,M,25.81363431545793
F00103,1,3,S,P00681,F,20.554024641150818
F00103,1,3,C,P00529,M,0.873991837767468
F00104,15,1,M,P00183,M,71.19213421818857
F00105,15,1,M,P00178,M,63.32355376430413
F00106,0,2,M,P00230,M,67.56747921969311
F00106,0,2,S,P00454,F,70.3649586100313
F00107,15,1,M,P00204,M,71.43583689719729
F00108,15,1,M,P00052,F,54.09696322516806
F00109,1,3,M,P00152,M,58.239713987818995
F00109,1,3,S,P00668,F,57.066933553684535
F00109,1,3,C,P00106,F,18.11731980673609
F00110,15,1,M,P00272,M,29.487079976565624
F00111,3,2,M,P00048,F,39.64484744881051
F00111,3,2,C,P00771,M,6.936391365701297
F00112,6,5,M,P00219,M,58.47842700520199
F00112,6,5,S,P00893,F,51.42723769806235
F00112,6,5,P,P00896,M,78.54937316455967
F00112,6,5,P,P00665,F,81.40532184243618
F00112,6,5,C,P00504,M,21.144376615746083
F00113,0,2,M,P00209,M,40.91355858968037
F00113,0,2,S,P00708,F,33.841903050673615
F00114,0,2,M,P00238,M,68.46216665953177
F00114,0,2,S,P00318,F,70.50348922506757
F00115,15,1,M,P00133,F,75.80078675004518
F00116,15,1,M,P00265,M,56.26656844192842
F00117,15,1,M,P00051,M,22.858209725542117
F00118,1,4,M,P00356,M,53.63075599200862
F00118,1,4,S,P00846,F,52.064350514882804
F00118,1,4,C,P00610,M,16.421964007240387
F00118,1,4,C,P00309,M,21.338434973450553
F00119,0,2,M,P00243,M,68.32953846058066
F00119,0,2,S,P00780,F,69.58068428658017
F00120,15,1,M,P00205,F,28.171809739127173
F00121,15,1,M,P00097,F,72.91139724064243
F00122,15,1,M,P00137,F,77.76102564790617
F00123,15,1,M,P00187,F,42.25428540879267
F00124,1,3,M,P00071,M,37.32564017608722
F00124,1,3,S,P00466,F,33.44154353898923
F00124,1,3,C,P00027,M,3.745190574049623
F00125,0,2,M,P00273,M,67.98920479256246
F00125,0,2,S,P00974,F,68.90723123466005
F00126,0,2,M,P00195,M,64.69889261084155
F00126,0,2,S,P00300,F,68.8623794169407
F00127,3,2,M,P00143,F,61.14115812237027
F00127,3,2,C,P00330,M,23.504297763692712
F00128,1,3,M,P00363,M,50.59005539750406
F00128,1,3,S,P00317,F,51.787798167534035
F00128,1,3,C,P00469,F,15.663130060335533
F00129,15,1,M,P00001,F,45.62138290013439
F00130,0,2,M,P00073,M,36.11560467221382
F00130,0,2,S,P00794,F,29.644716219662005
F00131,1,4,M,P00077,M,48.12526838501037
F00131,1,4,S,P00524,F,46.85156805175043
F00131,1,4,C,P00361,F,13.239721660994125
F00131,1,4,C,P00722,F,14.349378477076375
F00132,15,1,M,P00287,M,31.872423424797407
F00133,0,2,M,P00194,F,41.452511587072806
F00133,0,2,S,P00972,M,47.80903998036453
F00134,15,1,M,P00206,M,74.75325330506355
F00135,1,5,M,P00268,M,57.34444296469967
F00135,1,5,S,P00350,F,54.22643456416432
F00135,1,5,C,P00736,M,25.25895986484657
F00135,1,5,C,P00778,M,22.1694491162251
F00135,1,5,C,P00132,M,19.867524941539966
F00136,0,2,M,P00337,M,31.89666014545596
F00136,0,2,S,P00499,F,26.701788605130602
F00137,0,2,M,P00207,M,61.68699036558204
F00137,0,2,S,P00088,F,66.87233597515088
F00138,1,5,M,P00366,M,50.704332197170196
F00138,1,5,S,P00286,F,49.20524126143411
F00138,1,5,C,P00902,F,19.208682962176933
F00138,1,5,C,P00987,M,16.410447294000615
F00138,1,5,C,P00683,M,15.458021934805092
F00139,0,2,M,P00310,M,79.24225703366481
F00139,0,2,S,P00534,F,82.07033980758277
F00140,1,3,M,P00313,M,76.8063349382815
F00140,1,3,S,P00494,F,78.8254837377612
F00140,1,3,C,P00952,F,52.69904068892717
F00141,1,5,M,P00075,M,35.48164721509641
F00141,1,5,S,P00305,F,37.18947519255571
F00141,1,5,C,P00220,F,4.902852540317192
F00141,1,5,C,P00144,F,3.3593363001687733
F00141,1,5,C,P00239,F,0.6854818912272299
F00142,7,4,M,P00244,M,62.06449276542158
F00142,7,4,S,P00508,F,59.1276648725447
F00142,7,4,P,P00830,M,77.28283700081377
F00142,7,4,C,P00978,M,29.970042754395784
F00143,0,2,M,P00240,M,74.97892428524315
F00143,0,2,S,P00456,F,74.54409355066994
F00144,0,2,M,P00258,M,73.00154199690328
F00144,0,2,S,P00347,F,73.37986660382259
F00145,15,1,M,P00262,M,74.48354853637106
F00146,0,2,M,P00277,M,67.59661197735902
F00146,0,2,S,P00639,F,67.81059765854833
F00147,15,1,M,P00217,M,40.41334055098032
F00148,15,1,M,P00382,M,53.01314152471381
F00149,15,1,M,P00235,M,45.034791710091326
F00150,0,2,M,P00282,M,62.27335638543824
F00150,0,2,S,P00218,F,65.78950138466263
F00151,5,3,M,P00302,M,63.83963358083048
F00151,5,3,S,P00815,F,66.17741752059739
F00151,5,3,P,P00554,F,84.9233834716431
F00152,0,2,M,P00367,M,63.48841256048598
F00152,0,2,S,P00937,F,65.52397897406148
F00153,7,4,M,P00109,M,89.14986982915909
F00153,7,4,S,P00427,F,95.43380927723524
F00153,7,4,P,P00339,F,91.81741811651675
F00153,7,4,C,P00430,F,0.11449045459788744
F00154,15,1,M,P00056,F,55.317894517556695
F00155,9,6,M,P00689,M,81.86103524401479
F00155,9,6,S,P00885,F,79.61120295174317
F00155,9,6,C,P00965,M,48.677994600717916
F00155,9,6,O,P00642,M,7.578791723191647
F00155,9,6,O,P00816,F,91.64246698364205
F00155,9,6,O,P00948,F,93.98975456846284
F00156,1,4,M,P00105,M,37.22875570028921
F00156,1,4,S,P00910,F,29.190382555022776
F00156,1,4,C,P00660,M,2.102767287919646
F00156,1,4,C,P00184,M,4.932011387166443
F00157,0,2,M,P00364,M,79.49736141021735
F00157,0,2,S,P00624,F,79.04976686025417
F00158,15,1,M,P00062,F,91.68790210334775
F00159,15,1,M,P00093,F,68.28150442452629
F00160,0,2,M,P00333,M,70.98450840917351
F00160,0,2,S,P00351,F,75.06586009447949
F00161,15,1,M,P00120,F,82.72500462608784
F00162,15,1,M,P00253,F,71.75174872433502
F00163,0,2,M,P00717,M,84.8306901799733
F00163,0,2,S,P00359,F,84.37021928876652
F00164,1,3,M,P00146,F,24.178862945612316
F00164,1,3,S,P00969,M,32.38923300206044
F00164,1,3,C,P00572,F,0.5010561836280539
F00165,15,1,M,P00354,M,73.91528727973359
F00166,1,3,M,P00349,M,31.670877710656654
F00166,1,3,S,P00939,F,24.96031470277006
F00166,1,3,C,P00255,F,0.5057009783701888
F00167,15,1,M,P00141,F,76.40253715233445
F00168,1,4,M,P00368,M,61.91864364380117
F00168,1,4,S,P00684,F,60.78891878369039
F00168,1,4,C,P00299,M,23.413277772421413
F00168,1,4,C,P00759,F,27.784014276977544
F00169,1,3,M,P00449,M,31.53302545448139
F00169,1,3,S,P00820,F,28.45413226934022
F00169,1,3,C,P00795,M,0.28751647686740145
F00170,0,2,M,P00357,M,72.77757379881716
F00170,0,2,S,P00385,F,73.00618580732488
F00171,0,2,M,P00725,M,82.1909551755438
F00171,0,2,S,P00841,F,82.64414447259267
F00172,15,1,M,P00250,M,48.50574157955545
F00173,0,2,M,P00428,M,52.32992234013545
F00173,0,2,S,P00862,F,49.36898611676231
F00174,1,4,M,P00136,M,36.756030574590355
F00174,1,4,S,P00781,F,32.16493739669782
F00174,1,4,C,P00623,M,2.740106333048229
F00174,1,4,C,P00729,F,8.034360629340126
F00175,10,5,M,P00394,M,61.84656883267401
F00175,10,5,S,P00822,F,53.49312196248071
F00175,10,5,P,P00424,M,85.89062713725468
F00175,10,5,P,P00222,F,83.0325609332173
F00175,10,5,O,P00054,F,12.610923555337509
F00176,15,1,M,P00259,F,28.579582411052336
F00177,0,2,M,P00290,M,47.39796593003762
F00177,0,2,S,P00679,F,48.22499383688366
F00178,1,4,M,P00408,M,75.76224293807073
F00178,1,4,S,P00914,F,69.77895778885274
F00178,1,4,C,P00861,M,37.90182544460879
F00178,1,4,C,P00940,M,34.26406546840347
F00179,1,3,M,P00284,M,56.100995025778154
F00179,1,3,S,P00544,F,51.00292241901135
F00179,1,3,C,P00900,F,16.79604247728668
F00180,1,3,M,P00362,M,46.430084589635136
F00180,1,3,S,P00401,F,47.618533099420866
F00180,1,3,C,P00928,F,13.329342525753152
F00181,15,1,M,P00386,M,48.812228876994006
F00182,1,3,M,P00496,M,51.11601149122004
F00182,1,3,S,P00167,F,49.129048902859864
F00182,1,3,C,P00224,M,15.445122893962246
F00183,1,3,M,P00130,F,36.96893404597363
F00183,1,3,S,P00875,M,39.116157422722246
F00183,1,3,C,P00460,F,3.8492046158589197
F00184,0,2,M,P00411,M,60.2333486970371
F00184,0,2,S,P00709,F,56.19103773196796
F00185,1,4,M,P00516,M,53.74557775479929
F00185,1,4,S,P00371,F,52.60641195481531
F00185,1,4,C,P00236,F,14.020205253403407
F00185,1,4,C,P00500,M,21.96311863986438
F00186,15,1,M,P00249,M,42.714983498713075
F00187,15,1,M,P00434,M,60.62510027655789
F00188,15,1,M,P00124,F,83.495303384461
F00189,3,2,M,P00118,F,50.52746564228933
F00189,3,2,C,P00392,M,16.088644980075305
F00190,0,2,M,P00375,M,73.6176677528547
F00190,0,2,S,P00882,F,75.60663288689025
F00191,15,1,M,P00131,F,81.6051447154321
F00192,0,2,M,P00181,M,87.51317265182739
F00192,0,2,S,P00726,F,83.91735918048593
F00193,1,4,M,P00419,M,45.29375660884117
F00193,1,4,S,P00353,F,47.687745467189345
F00193,1,4,C,P00812,F,14.451309844912961
F00193,1,4,C,P00227,M,14.265314918496767
F00194,1,5,M,P00147,M,35.161648040016146
F00194,1,5,S,P00671,F,30.226964615114507
F00194,1,5,C,P00775,F,0.7604533919581938
F00194,1,5,C,P00338,M,0.8855293053971476
F00194,1,5,C,P00395,M,0.2577280655615258
F00195,1,3,M,P00343,M,65.57302116748913
F00195,1,3,S,P00942,F,68.93618782805484
F00195,1,3,C,P00868,F,34.44349277622293
F00196,1,4,M,P00298,M,56.85424205724452
F00196,1,4,S,P00431,F,51.21982929235663
F00196,1,4,C,P00537,F,19.028008384414118
F00196,1,4,C,P00026,F,17.980357477486226
F00197,15,1,M,P00326,F,23.763487251878427
F00198,0,2,M,P00838,M,83.68611964921817
F00198,0,2,S,P00192,F,83.25742984801215
F00199,0,2,M,P00467,M,74.35222410027279
F00199,0,2,S,P00858,F,73.10242414369903
F00200,0,2,M,P00322,M,88.84615766373693
F00200,0,2,S,P00786,F,83.4396404542105
F00201,8,4,M,P00379,M,69.5845615079463
F00201,8,4,S,P00617,F,72.22395284320969
F00201,8,4,O,P00179,M,17.21997664510319
F00201,8,4,O,P00555,M,16.35703579339251
F00202,15,1,M,P00087,F,92.96087390306774
F00203,15,1,M,P00416,M,68.22840248100667
F00204,1,3,M,P00267,M,41.92332928409974
F00204,1,3,S,P00867,F,45.60700772053507
F00204,1,3,C,P00111,F,10.632337633879343
F00205,0,2,M,P00341,M,59.80287539610829
F00205,0,2,S,P00536,F,60.05919018108064
F00206,15,1,M,P00358,F,24.239230961964445
F00207,1,4,M,P00316,M,43.17532297849507
F00207,1,4,S,P00476,F,32.76752036024879
F00207,1,4,C,P00134,F,2.835585758684067
F00207,1,4,C,P00445,M,1.11475970055872
F00208,3,3,M,P00080,F,47.632727326734255
F00208,3,3,C,P00837,M,15.870870158034176
F00208,3,3,C,P00754,M,13.13733219049663
F00209,15,1,M,P00409,F,79.83082429169042
F00210,15,1,M,P00308,M,29.79185105027511
F00211,0,2,M,P00520,M,71.14089591121953
F00211,0,2,S,P00824,F,70.76796700481007
F00212,5,3,M,P00420,M,65.48393465886072
F00212,5,3,S,P00414,F,66.61149174656506
F00212,5,3,P,P00450,M,74.84961984249534
F00213,15,1,M,P00556,M,53.10686088433251
F00214,1,4,M,P00437,M,45.046346024276495
F00214,1,4,S,P00772,F,38.608298034740734
F00214,1,4,C,P00791,F,6.123908501673465
F00214,1,4,C,P00280,M,11.904667956158836
F00215,0,2,M,P00573,M,73.21903004534161
F00215,0,2,S,P00532,F,75.16570112306148
F00216,15,1,M,P00533,M,31.351687134874314
F00217,15,1,M,P00465,M,47.78917279440155
F00218,15,1,M,P00165,F,84.26808378306038
F00219,1,3,M,P00716,M,87.62305509798543
F00219,1,3,S,P00049,F,85.6238158631694
F00219,1,3,C,P00998,M,56.494466944064726
F00220,7,6,M,P00320,M,42.351975348180794
F00220,7,6,S,P00697,F,45.53310288885129
F00220,7,6,P,P00876,F,86.23155797226806
F00220,7,6,C,P00917,M,12.60455060675391
F00220,7,6,C,P00710,M,14.159291342873743
F00220,7,6,C,P00121,F,11.29683632062126
F00221,3,3,M,P00173,F,67.40260826318281
F00221,3,3,C,P00374,F,48.42466111235423
F00221,3,3,C,P00701,F,43.94104225873782
F00222,1,3,M,P00433,M,66.89454000707927
F00222,1,3,S,P00307,F,66.26463198061239
F00222,1,3,C,P00934,M,36.37976321288629
F00223,15,1,M,P00646,M,73.15322276436633
F00224,15,1,M,P00440,F,20.2870780772461
F00225,1,4,M,P00560,M,53.559491835862
F00225,1,4,S,P00329,F,54.60340142579738
F00225,1,4,C,P00616,F,26.20141031089721
F00225,1,4,C,P00745,M,25.278626366571373
F00226,15,1,M,P00148,M,35.69648716824767
F00227,1,3,M,P00843,M,74.12498993380002
F00227,1,3,S,P00903,F,80.27228310544302
F00227,1,3,C,P00426,F,51.04118061293175
F00228,6,5,M,P00855,M,83.37064086149007
F00228,6,5,S,P00029,F,69.26250664819624
F00228,6,5,P,P00959,M,85.26607187840924
F00228,6,5,P,P00091,F,93.00961708458755
F00228,6,5,C,P00294,F,47.10909196092479
F00229,1,3,M,P00860,M,70.7809965166835
F00229,1,3,S,P00387,F,80.70462750256699
F00229,1,3,C,P00653,F,43.83342486080741
F00230,1,3,M,P00905,M,74.49214791116476
F00230,1,3,S,P00575,F,68.59313583361907
F00230,1,3,C,P00918,M,28.678691160321787
F00231,15,1,M,P00451,M,65.44286819671977
F00232,15,1,M,P00455,F,21.112765048752816
F00233,3,2,M,P00355,M,42.619095552721255
F00233,3,2,C,P00447,F,9.199865712861284
F00234,0,2,M,P00448,M,62.630980527869845
F00234,0,2,S,P00750,F,67.04461779566348
F00235,1,3,M,P00577,M,31.72844145404337
F00235,1,3,S,P00626,F,27.78306176137392
F00235,1,3,C,P00598,M,2.2888295648883763
F00236,15,1,M,P00186,M,39.727890722690326
F00237,15,1,M,P00090,M,23.042370579648875
F00238,3,3,M,P00128,F,55.3654426286494
F00238,3,3,C,P00084,F,16.746693553421963
F00238,3,3,C,P00805,F,29.50891161400971
F00239,0,2,M,P00915,M,73.33158305295588
F00239,0,2,S,P00648,F,75.35902966329255
F00240,15,1,M,P00271,F,74.12045617419399
F00241,1,3,M,P00435,M,79.95977543803274
F00241,1,3,S,P00766,F,85.51807868302166
F00241,1,3,C,P00072,F,54.055889045374514
F00242,0,2,M,P00344,M,58.48631782648937
F00242,0,2,S,P00196,F,51.5242002001711
F00243,1,3,M,P00346,M,55.492187111345956
F00243,1,3,S,P00599,F,50.421635682044254
F00243,1,3,C,P00740,F,14.630244529334568
F00244,15,1,M,P00480,M,66.61072796422305
F00245,1,5,M,P00201,M,35.23132160202251
F00245,1,5,S,P00735,F,32.30334124950356
F00245,1,5,C,P00973,M,4.5748637531444025
F00245,1,5,C,P00644,M,6.102115127402148
F00245,1,5,C,P00327,M,3.053650287900477
F00246,1,3,M,P00232,M,36.480012580521034
F00246,1,3,S,P00417,F,31.349364536457788
F00246,1,3,C,P00289,F,0.352323752180556
F00247,0,2,M,P00926,M,72.60321463675403
F00247,0,2,S,P00884,F,75.30548901418277
F00248,1,3,M,P00997,M,70.89661236556051
F00248,1,3,S,P00916,F,76.02083652300082
F00248,1,3,C,P00312,F,44.62932303726126
F00249,15,1,M,P00378,M,57.59462402793074
F00250,0,2,M,P00489,M,62.3635165833599
F00250,0,2,S,P00850,F,62.036043274231695
F00251,12,2,M,P00160,F,57.82011442695057
F00251,12,2,O,P00980,M,34.47397381616133
F00252,12,2,M,P00058,F,32.92147939950943
F00252,12,2,O,P00478,F,87.32041502153805
F00253,7,4,M,P00801,M,85.56500452048887
F00253,7,4,S,P00514,F,78.27164853126602
F00253,7,4,P,P00831,F,90.3352495275963
F00253,7,4,C,P00983,M,38.874872258595985
F00254,15,1,M,P00113,M,24.24836540345952
F00255,1,4,M,P00635,M,51.01327677364899
F00255,1,4,S,P00811,F,49.55567600756659
F00255,1,4,C,P00021,F,15.116912990935043
F00255,1,4,C,P00199,F,10.0110730145015
F00256,3,2,M,P00225,F,56.31100281586336
F00256,3,2,C,P00880,M,22.527622983526058
F00257,15,1,M,P00503,M,68.7888075733529
F00258,15,1,M,P00202,F,84.02436683929965
F00259,3,2,M,P00247,F,60.35246687197948
F00259,3,2,C,P00388,F,27.99176742647136
F00260,15,1,M,P00521,M,69.91535747442353
F00261,3,2,M,P00098,F,46.17564211096951
F00261,3,2,C,P00531,F,11.163494415154123
F00262,1,5,M,P00383,M,41.62363567926565
F00262,1,5,S,P00348,F,34.64521742709062
F00262,1,5,C,P00399,F,8.99677791428646
F00262,1,5,C,P00083,M,2.545803890793133
F00262,1,5,C,P00459,M,7.369346671457476
F00263,1,3,M,P00856,M,83.1332637829035
F00263,1,3,S,P00270,F,82.77407046471328
F00263,1,3,C,P00964,M,55.067724550068284
F00264,1,3,M,P00548,M,67.17997097232221
F00264,1,3,S,P00422,F,65.01821824459141
F00264,1,3,C,P00212,M,24.509792755122376
F00265,5,3,M,P00242,M,37.73875315005606
F00265,5,3,S,P00670,F,28.65731054806708
F00265,5,3,P,P00962,F,87.94729056375131
F00266,1,4,M,P00490,M,47.00511114171173
F00266,1,4,S,P00703,F,43.1588619442273
F00266,1,4,C,P00288,F,2.9392040388707876
F00266,1,4,C,P00495,F,14.791476903969954
F00267,1,4,M,P00436,M,41.86332982929714
F00267,1,4,S,P00737,F,41.67341976401332
F00267,1,4,C,P00640,M,8.771029965806573
F00267,1,4,C,P00328,F,4.529902108326491
F00268,15,1,M,P00297,F,29.839465933815983
F00269,15,1,M,P00502,M,47.86135204242005
F00270,1,3,M,P00493,M,62.52279115622228
F00270,1,3,S,P00641,F,65.98653220234876
F00270,1,3,C,P00511,F,30.76232149904841
F00271,3,3,M,P00406,M,58.11085633027831
F00271,3,3,C,P00673,M,25.514819628645565
F00271,3,3,C,P00727,F,31.71294760361547
F00272,15,1,M,P00233,F,58.37205249978803
F00273,1,4,M,P00498,M,63.64676852870365
F00273,1,4,S,P00688,F,64.10070586610937
F00273,1,4,C,P00458,M,24.598156311879862
F00273,1,4,C,P00995,M,29.69277519414492
F00274,0,2,M,P00582,M,31.653506753021937
F00274,0,2,S,P00849,F,93.27813550401517
F00275,15,1,M,P00068,M,18.152146284728147
F00276,0,2,M,P00929,M,81.94871725758911
F00276,0,2,S,P00977,F,80.81831602587839
F00277,1,3,M,P00563,M,44.150004706134986
F00277,1,3,S,P00636,F,39.36312229557405
F00277,1,3,C,P00380,M,14.71419905487004
F00278,15,1,M,P00168,F,39.42567098837895
F00279,0,2,M,P00984,M,82.58204569936913
F00279,0,2,S,P00578,F,79.04025615862452
F00280,15,1,M,P00457,F,24.88358682910193
F00281,15,1,M,P00647,M,33.631808928874456
F00282,3,2,M,P00260,F,41.33034294745349
F00282,3,2,C,P00608,F,4.721560609851328
F00283,1,4,M,P00519,M,45.46585851025518
F00283,1,4,S,P00651,F,40.66161057401186
F00283,1,4,C,P00142,F,12.683838523241844
F00283,1,4,C,P00412,M,11.784553529409202
F00284,3,2,M,P00462,F,56.93198427910935
F00284,3,2,C,P00680,M,21.602251053074255
F00285,15,1,M,P00127,M,24.925563117682398
F00286,15,1,M,P00301,F,27.390866571699735
F00287,15,1,M,P00162,F,31.47114387592173
F00288,0,2,M,P00593,M,65.66092392099912
F00288,0,2,S,P00637,F,66.01867094616988
F00289,15,1,M,P00245,M,36.264569995098334
F00290,1,4,M,P00652,M,50.04825356894424
F00290,1,4,S,P00889,F,52.49011496598947
F00290,1,4,C,P00558,M,19.03368027020384
F00290,1,4,C,P00981,M,21.880655108316002
F00291,1,3,M,P00497,M,78.36471977709195
F00291,1,3,S,P00996,F,76.41820267790585
F00291,1,3,C,P00968,M,39.06199778534174
F00292,15,1,M,P00596,M,68.26358362718987
F00293,15,1,M,P00376,F,41.871140781990945
F00294,15,1,M,P00323,M,28.967608912776925
F00295,15,1,M,P00545,F,59.01743263241037
F00296,3,2,M,P00264,F,64.19412710540651
F00296,3,2,C,P00936,M,26.356155255053302
F00297,0,2,M,P00526,M,62.11558314700522
F00297,0,2,S,P00715,F,63.266635097064906
F00298,1,4,M,P00655,M,52.51683131842297
F00298,1,4,S,P00803,F,47.293301132769066
F00298,1,4,C,P00947,M,17.71231634480847
F00298,1,4,C,P00256,F,14.292421684679551
F00299,1,3,M,P00677,M,50.733769144324846
F00299,1,3,S,P00402,F,48.45486654919999
F00299,1,3,C,P00550,F,18.182546803552682
F00300,3,2,M,P00432,F,77.70656026655462
F00300,3,2,C,P00886,M,37.19314490691751
F00301,0,2,M,P00877,M,86.84913651469091
F00301,0,2,S,P00788,F,83.09089809501556
F00302,15,1,M,P00352,M,25.25948232456805
F00303,1,3,M,P00583,M,61.04275245923515
F00303,1,3,S,P00234,F,66.6869743067171
F00303,1,3,C,P00826,M,31.56139415150219
F00304,15,1,M,P00591,F,55.26416302892257
F00305,2,2,M,P00574,M,49.18053787757886
F00305,2,2,C,P00163,F,19.287839894505908
F00306,1,4,M,P00269,M,39.19907754250214
F00306,1,4,S,P00604,F,34.65559318916304
F00306,1,4,C,P00530,M,2.071622859741687
F00306,1,4,C,P00171,F,1.6397815788538979
F00307,15,1,M,P00699,M,63.87390981428411
F00308,15,1,M,P00747,M,62.36276418870561
F00309,3,2,M,P00266,F,63.93160904842748
F00309,3,2,C,P00211,F,33.01248299278322
F00310,15,1,M,P00751,M,52.22543849817621
F00311,1,4,M,P00413,M,58.141913835467555
F00311,1,4,S,P00390,F,53.06223163775159
F00311,1,4,C,P00589,F,21.43033124375388
F00311,1,4,C,P00874,M,25.87882431343841
F00312,1,3,M,P00757,M,62.012234938012035
F00312,1,3,S,P00125,F,57.11693380183055
F00312,1,3,C,P00960,M,22.911007641893928
F00313,15,1,M,P00089,F,91.31676007439376
F00314,7,5,M,P00470,M,56.23095091072814
F00314,7,5,S,P00696,F,48.05279601132975
F00314,7,5,P,P00777,M,59.233061691094385
F00314,7,5,C,P00625,F,20.6847974916349
F00314,7,5,C,P00475,M,15.474071721281929
F00315,15,1,M,P00216,F,82.23952660678466
F00316,15,1,M,P00342,F,29.04033275843147
F00317,15,1,M,P00332,F,62.48213163001757
F00318,15,1,M,P00979,M,90.9089156423708
F00319,1,4,M,P00576,M,46.545645204633615
F00319,1,4,S,P00248,F,48.412349321534684
F00319,1,4,C,P00396,F,16.400662426316558
F00319,1,4,C,P00065,F,12.732831362451707
F00320,0,2,M,P00614,M,45.91021094888298
F00320,0,2,S,P00281,F,47.132308881552866
F00321,15,1,M,P00472,M,56.72082190671935
F00322,15,1,M,P00226,F,35.0236662390351
F00323,1,4,M,P00669,M,48.22766589041498
F00323,1,4,S,P00743,F,45.783921785332396
F00323,1,4,C,P00246,F,18.677009860795064
F00323,1,4,C,P00833,M,21.266502424595252
F00324,1,4,M,P00806,M,50.98873588927958
F00324,1,4,S,P00873,F,50.25773543829192
F00324,1,4,C,P00975,F,12.582135960829373
F00324,1,4,C,P00007,F,11.527622428589476
F00325,0,2,M,P00784,M,64.38263799286533
F00325,0,2,S,P00274,F,67.99461918190374
F00326,7,5,M,P00661,F,78.8878925558747
F00326,7,5,S,P00863,M,79.2387072944542
F00326,7,5,P,P00827,F,85.02354667823842
F00326,7,5,C,P00045,F,53.05075330190618
F00326,7,5,C,P00372,M,35.8164678745609
F00327,15,1,M,P00620,M,76.45721832466354
F00328,1,4,M,P00602,M,41.01109566397501
F00328,1,4,S,P00698,F,36.062590423799854
F00328,1,4,C,P00036,F,4.17534380638834
F00328,1,4,C,P00488,M,8.958082625936449
F00329,1,4,M,P00321,M,37.063192958455716
F00329,1,4,S,P00331,F,31.93227711798114
F00329,1,4,C,P00546,F,2.8614368381962403
F00329,1,4,C,P00721,F,0.31878316875245055
F00330,15,1,M,P00632,M,68.22494859026789
F00331,1,3,M,P00798,M,61.00183946449169
F00331,1,3,S,P00423,F,63.589610432518235
F00331,1,3,C,P00705,M,27.774710628988142
F00332,1,3,M,P00667,M,67.5117442395402
F00332,1,3,S,P00474,F,67.3316659247822
F00332,1,3,C,P00776,M,32.28239722167404
F00333,15,1,M,P00140,F,49.21692131509728
F00334,1,4,M,P00676,M,46.77021246473122
F00334,1,4,S,P00391,F,34.648279404406274
F00334,1,4,C,P00848,M,14.596097818749776
F00334,1,4,C,P00149,F,4.582779437290021
F00335,1,3,M,P00694,M,79.88659067019826
F00335,1,3,S,P00278,F,81.59669669465544
F00335,1,3,C,P00542,F,53.808340490341486
F00336,15,1,M,P00443,F,74.97151170353692
F00337,1,4,M,P00859,M,54.53736838378979
F00337,1,4,S,P00485,F,53.01837315516808
F00337,1,4,C,P00568,F,25.045799718208855
F00337,1,4,C,P00541,F,16.87858512183415
F00338,1,4,M,P00479,F,41.331015716180914
F00338,1,4,S,P00844,M,34.3880434048016
F00338,1,4,C,P00796,M,12.599110694962746
F00338,1,4,C,P00446,M,6.515877525905388
F00339,15,1,M,P00154,F,50.46692077879959
F00340,0,2,M,P00685,M,65.08762597247483
F00340,0,2,S,P00335,F,62.21189058619491
F00341,0,2,M,P00829,M,60.41329043106517
F00341,0,2,S,P00686,F,56.72715321488678
F00342,15,1,M,P00345,F,62.56588370802698
F00343,0,2,M,P00785,M,67.82637261605446
F00343,0,2,S,P00691,F,67.24344597066728
F00344,15,1,M,P00723,F,77.34143584114453
F00345,1,3,M,P00933,M,51.58186465792018
F00345,1,3,S,P00741,F,49.651074614116474
F00345,1,3,C,P00033,F,15.656506416617349
F00346,15,1,M,P00956,M,51.446587298635635
F00347,15,1,M,P00707,M,48.667401802655135
F00348,15,1,M,P00103,M,18.53661367805577
F00349,15,1,M,P00398,M,25.70686924070381
F00350,1,3,M,P00606,M,40.52037850388545
F00350,1,3,S,P00629,F,31.736448954033378
F00350,1,3,C,P00935,M,5.111040799222251
F00351,1,3,M,P00507,M,59.70751298819553
F00351,1,3,S,P00724,F,57.391234903270906
F00351,1,3,C,P00804,M,23.97536368432331
F00352,1,3,M,P00713,M,45.93908353386276
F00352,1,3,S,P00461,F,41.67486696805522
F00352,1,3,C,P00912,M,11.373367534624663
F00353,1,5,M,P00718,M,46.987226527403195
F00353,1,5,S,P00585,F,40.337568561702994
F00353,1,5,C,P00950,F,10.8857309811861
F00353,1,5,C,P00319,M,5.577343403969816
F00353,1,5,C,P00904,F,3.4649003736667687
F00354,0,2,M,P00793,M,68.57742764128233
F00354,0,2,S,P00714,F,68.21695057141152
F00355,1,3,M,P00744,M,49.498123500418
F00355,1,3,S,P00468,F,47.53833005125244
F00355,1,3,C,P00145,M,13.861784649016812
F00356,3,3,M,P00425,M,29.175715685187185
F00356,3,3,C,P00543,M,3.0620892557790147
F00356,3,3,C,P00845,F,1.3021657907401023
F00357,0,2,M,P00797,M,76.5350292925819
F00357,0,2,S,P00562,F,76.17088012993625
F00358,1,3,M,P00334,M,35.20315130638709
F00358,1,3,S,P00223,F,30.573832470687172
F00358,1,3,C,P00159,M,2.6376710800159193
F00359,15,1,M,P00961,M,54.7994087124411
F00360,3,2,M,P00229,F,81.99450682414161
F00360,3,2,C,P00864,M,59.28014961634363
F00361,1,3,M,P00565,M,57.105661846055206
F00361,1,3,S,P00251,F,53.20177352534344
F00361,1,3,C,P00732,M,20.501294394489737
F00362,1,3,M,P00569,M,57.252492335669544
F00362,1,3,S,P00966,F,52.656411863961004
F00362,1,3,C,P00749,F,22.270171999967648
F00363,5,3,M,P00731,F,77.94335538416063
F00363,5,3,S,P00384,M,76.75472152383738
F00363,5,3,P,P00579,F,88.06850007642794
F00364,15,1,M,P00865,M,63.93631234498915
F00365,1,3,M,P00753,M,48.73386844597251
F00365,1,3,S,P00538,F,45.816531919544246
F00365,1,3,C,P00166,F,14.898002524754654
F00366,15,1,M,P00807,M,68.43007872548552
F00367,1,4,M,P00481,M,39.72056244882715
F00367,1,4,S,P00907,F,37.8939042886295
F00367,1,4,C,P00638,F,8.929567860757915
F00367,1,4,C,P00252,F,8.149472936488182
F00368,7,5,M,P00773,M,49.027606812257424
F00368,7,5,S,P00674,F,44.995535796966216
F00368,7,5,P,P00657,M,75.21701491859977
F00368,7,5,C,P00291,F,13.357436331980812
F00368,7,5,C,P00752,M,8.750422677433987
F00369,1,3,M,P00592,M,53.247525374711365
F00369,1,3,S,P00324,F,47.804988064357985
F00369,1,3,C,P00643,M,15.192086913852423
F00370,15,1,M,P00540,F,43.937339479765
F00371,15,1,M,P00921,F,56.03268981319486
F00372,15,1,M,P00920,F,63.71972859232023
F00373,0,2,M,P00809,M,75.23397257034982
F00373,0,2,S,P00231,F,79.4855123301815
F00374,1,5,M,P00605,M,59.03638948582897
F00374,1,5,S,P00958,F,49.965265143042316
F00374,1,5,C,P00764,F,18.962910845205705
F00374,1,5,C,P00992,F,28.728367162557
F00374,1,5,C,P00872,M,20.687325089355387
F00375,1,5,M,P00839,M,47.60123047809307
F00375,1,5,S,P00161,F,45.49175997615175
F00375,1,5,C,P00381,M,14.896214442746603
F00375,1,5,C,P00835,M,11.794999747008797
F00375,1,5,C,P00261,F,15.02412838413572
F00376,15,1,M,P00477,F,21.801222072079515
F00377,0,2,M,P00821,M,76.8424079322669
F00377,0,2,S,P00527,F,74.90813452527604
F00378,15,1,M,P00656,M,32.93857979365936
F00379,15,1,M,P00442,F,27.751280821058067
F00380,15,1,M,P00878,M,45.47891786897166
F00381,15,1,M,P00584,F,23.369937381703807
F00382,0,2,M,P00887,M,64.92873123317602
F00382,0,2,S,P00389,F,70.15857476062124
F00383,15,1,M,P00214,F,30.22671166102349
F00384,1,4,M,P00941,M,63.012210243640396
F00384,1,4,S,P00730,F,60.21394140415277
F00384,1,4,C,P00817,M,24.89064949256159
F00384,1,4,C,P00957,M,27.0193480358904
F00385,1,3,M,P00985,M,64.48438714145496
F00385,1,3,S,P00971,F,61.479327186992165
F00385,1,3,C,P00506,M,23.2176322589359
F00386,0,2,M,P00828,M,78.68915688034909
F00386,0,2,S,P00078,F,80.54121533318111
F00387,15,1,M,P00484,F,85.21818774179586
F00388,15,1,M,P00453,F,70.12905131588185
F00389,2,2,M,P00825,M,66.87998955674699
F00389,2,2,C,P00949,F,37.03236287151425
F00390,15,1,M,P00922,F,56.69825488728996
F00391,0,2,M,P00854,M,68.64148083392601
F00391,0,2,S,P00528,F,69.08027952177461
F00392,15,1,M,P00609,M,40.0214121221489
F00393,0,2,M,P00851,M,76.42002201243662
F00393,0,2,S,P00283,F,77.54323101552909
F00394,15,1,M,P00869,M,65.17744090310413
F00395,15,1,M,P00464,F,72.72587409988765
F00396,3,2,M,P00590,F,43.55770590965802
F00396,3,2,C,P00156,M,10.814179469763976
F00397,1,3,M,P00566,M,35.18679630591722
F00397,1,3,S,P00993,F,28.463288329504945
F00397,1,3,C,P00787,M,0.9672295544039617
F00398,1,4,M,P00888,M,47.34782024779948
F00398,1,4,S,P00438,F,47.363249572635326
F00398,1,4,C,P00522,F,14.973896453811602
F00398,1,4,C,P00925,M,15.594033741274746
F00399,15,1,M,P00157,M,22.796768111440638
F00400,1,3,M,P00618,M,57.64119079472596
F00400,1,3,S,P00314,F,53.727231118513515
F00400,1,3,C,P00768,M,24.251456414266137
F00401,15,1,M,P00852,M,78.87685272927693
F00402,15,1,M,P00564,F,74.8620102129203
F00403,1,3,M,P00891,M,45.93370989800072
F00403,1,3,S,P00908,F,47.101861224119666
F00403,1,3,C,P00486,M,18.9890933866698
F00404,1,3,M,P00612,M,38.19060520636038
F00404,1,3,S,P00761,F,34.66226682497892
F00404,1,3,C,P00210,M,4.436283042150515
F00405,1,4,M,P00628,M,42.27612760511109
F00405,1,4,S,P00690,F,41.93152461932801
F00405,1,4,C,P00567,F,12.366704583951854
F00405,1,4,C,P00755,M,12.260086026436573
F00406,15,1,M,P00491,F,25.9005419505002
F00407,0,2,M,P00675,M,43.51140539801243
F00407,0,2,S,P00397,F,32.14448326859965
F00408,1,5,M,P00630,M,39.08529254961353
F00408,1,5,S,P00471,F,47.88681734015135
F00408,1,5,C,P00306,F,10.952403154728866
F00408,1,5,C,P00285,M,11.303246820377906
F00408,1,5,C,P00123,M,14.587729221484581
F00409,15,1,M,P00580,F,77.59930177612223
F00410,12,2,M,P00944,F,55.93375875028285
F00410,12,2,O,P00295,M,8.683631348458395
F00411,15,1,M,P00789,M,96.20749259474752
F00412,1,3,M,P00760,M,40.24772236428747
F00412,1,3,S,P00463,F,34.95243359587038
F00412,1,3,C,P00857,M,3.5055817778120466
F00413,1,3,M,P00441,M,29.27040381385984
F00413,1,3,S,P00774,F,28.126996462732258
F00413,1,3,C,P00034,M,0.26611564426316336
F00414,3,4,M,P00765,F,85.4047700993682
F00414,3,4,C,P00779,M,56.68516686346107
F00414,3,4,C,P00819,M,58.07783363452621
F00414,3,4,C,P00756,F,61.1705157438611
F00415,1,3,M,P00945,M,77.85376820310455
F00415,1,3,S,P00672,F,82.12838401766875
F00415,1,3,C,P00951,M,55.50964811952943
F00416,1,4,M,P00622,M,57.55839601805518
F00416,1,4,S,P00619,F,54.6825454079278
F00416,1,4,C,P00509,M,24.299143501804252
F00416,1,4,C,P00895,M,19.691028212483204
F00417,0,2,M,P00911,M,69.37188168037441
F00417,0,2,S,P00695,F,70.49316906948572
F00418,1,3,M,P00901,M,45.121149605214875
F00418,1,3,S,P00403,F,43.369504043573556
F00418,1,3,C,P00988,F,11.528786310373329
F00419,0,2,M,P00482,M,29.526253510905676
F00419,0,2,S,P00595,F,20.905158278590818
F00420,1,3,M,P00659,M,55.029415462721026
F00420,1,3,S,P00501,F,51.913820551260166
F00420,1,3,C,P00421,M,18.86224977625465
F00421,0,2,M,P00517,M,28.248941742876788
F00421,0,2,S,P00938,F,17.126426594142114
F00422,0,2,M,P00919,M,69.80674278527061
F00422,0,2,S,P00899,F,72.54807410929543
F00423,1,4,M,P00763,M,41.048671002405655
F00423,1,4,S,P00739,F,46.88880285753367
F00423,1,4,C,P00588,M,9.96519924537047
F00423,1,4,C,P00182,F,11.269118409872531
F00424,15,1,M,P00208,M,23.43007517773316
F00425,15,1,M,P00799,F,88.29846160252657
F00426,0,2,M,P00702,M,30.60029211295506
F00426,0,2,S,P00733,F,24.26308023575303
F00427,15,1,M,P00293,F,54.943421803924146
F00428,15,1,M,P00842,M,42.369485881858886
F00429,1,3,M,P00881,M,41.40959409158828
F00429,1,3,S,P00615,F,39.21867124594535
F00429,1,3,C,P00769,F,13.607780945251445
F00430,1,3,M,P00662,M,36.48315521940989
F00430,1,3,S,P00704,F,31.18789030495532
F00430,1,3,C,P00594,F,0.5016993391088279
F00431,3,2,M,P00706,F,70.2369723674199
F00431,3,2,C,P00802,M,34.67189382993164
F00432,3,2,M,P00645,F,43.81988190031719
F00432,3,2,C,P00976,M,8.880506213953524
F00433,2,2,M,P00923,M,49.79165368094796
F00433,2,2,C,P00693,F,24.892843709743065
F00434,15,1,M,P00586,F,20.151642160330685
F00435,15,1,M,P00742,M,32.92988915918478
F00436,1,6,M,P00429,F,36.560764848361025
F00436,1,6,S,P00991,M,37.03521232143623
F00436,1,6,C,P00738,F,8.032708221941169
F00436,1,6,C,P00018,M,14.921138384095196
F00436,1,6,C,P00275,M,5.629740495966692
F00436,1,6,C,P00719,M,8.17729878977139
F00437,1,5,M,P00906,M,41.54450966547309
F00437,1,5,S,P00621,F,46.741751773298255
F00437,1,5,C,P00279,M,13.633599526582536
F00437,1,5,C,P00404,M,16.40908619691802
F00437,1,5,C,P00943,M,14.14416667387167
F00438,1,4,M,P00946,M,43.86037365862577
F00438,1,4,S,P00953,F,40.240059136923804
F00438,1,4,C,P00512,M,13.768515070067137
F00438,1,4,C,P00513,M,10.070746893955468
F00439,0,2,M,P00963,M,67.8814197577841
F00439,0,2,S,P00587,F,69.90957280594256
F00440,1,3,M,P00711,M,36.056486552994855
F00440,1,3,S,P00119,F,29.91543655173552
F00440,1,3,C,P00813,F,2.908620803773035
F00441,15,1,M,P00292,F,81.95583143084167
F00442,15,1,M,P00866,F,70.4324927245144
F00443,15,1,M,P00666,M,55.08540005450821
F00444,0,2,M,P00994,M,68.78503702174369
F00444,0,2,S,P00633,F,70.50558128910988
F00445,8,3,M,P00682,M,56.194823576939235
F00445,8,3,S,P00570,F,38.39612201749576
F00445,8,3,O,P00365,F,2.594212408777332
F00446,15,1,M,P00370,F,49.39926810454669
F00447,1,4,M,P00782,M,34.52703998910617
F00447,1,4,S,P00650,F,27.65160001916505
F00447,1,4,C,P00377,M,0.7732248929625755
F00447,1,4,C,P00373,F,1.032168443966779
F00448,15,1,M,P00523,M,25.736219961467732
F00449,1,4,M,P00790,M,39.2685103952339
F00449,1,4,S,P00549,F,36.96215895466898
F00449,1,4,C,P00114,M,11.680221311257174
F00449,1,4,C,P00518,F,5.797376633509891
F00450,15,1,M,P00931,M,47.2866771454981
F00451,3,3,M,P00870,F,50.01239089396186
F00451,3,3,C,P00748,M,17.26357729763005
F00451,3,3,C,P00369,M,18.24760092336122
F00452,1,4,M,P00967,M,40.59996990035
F00452,1,4,S,P00871,F,30.62364372985443
F00452,1,4,C,P00758,M,3.5897606336894414
F00452,1,4,C,P00553,F,3.641205455714264
F00453,3,2,M,P00627,F,49.65697746217379
F00453,3,2,C,P00770,M,17.52702600440281
F00454,1,4,M,P00687,M,55.04994530948965
F00454,1,4,S,P00296,F,52.50488347525124
F00454,1,4,C,P00601,F,23.99716717296499
F00454,1,4,C,P00505,F,15.342730942753276
F00455,1,3,M,P00955,M,48.21611400291385
F00455,1,3,S,P00176,F,48.11892337190146
F00455,1,3,C,P00823,F,20.06509002454719
F00456,15,1,M,P00276,F,30.71967111608295
F00457,15,1,M,P00539,M,26.894270852645665
